num_zones,num_zones_afn,area,area_afn,ratio_area_afn,num_afn_surfaces,bounding_aspect_raio,case
6,5,62.91535199999999,59.45992399999999,0.945078142454007,10,1.595586206896552,6289
7,7,73.47697099999999,73.47697099999999,1.0,19,1.2071388101983005,5299
8,6,64.569709,60.136862,0.9313478863595311,15,0.531145440307539,6226
6,6,69.18932500000001,69.18932500000001,1.0,15,0.9825362175034731,5565
9,5,85.962569,77.515586,0.9017364988242731,11,1.205568781699617,6172
6,5,60.463445,52.70083700000001,0.8716148575391297,12,2.203312191684285,5531
8,7,82.869758,66.417959,0.8014740310934658,18,1.344391625366643,4969
5,5,38.613686,38.613686,1.0,10,1.4861411087113032,5542
