case,net_flow,temp
6289,1.4005396953548541,21.141176323218115
5299,1.3590699463821345,21.243208648349917
6226,1.3746371516745424,21.280726576649737
5565,1.480951007703952,21.270696389957926
6172,1.288103858787253,21.346059757467387
5531,1.4669451861765275,21.174320869252124
4969,1.4278204348763157,21.21262885344211
5542,0.6608453590364413,21.047162010739296
