{"bathroom_0": [[4.481215165531069, -2.7974242514543715], [5.426491854454815, -1.4551696884556353], [7.232575085155669, -2.727095613165055], [6.294411204810478, -4.059250276439011], [4.481215165531069, -2.7974242514543715]], "balcony_1": [[-4.932068502688887, -4.927896665178631], [-4.164912689288334, -3.8385665218104563], [2.930683143590274, -8.835607708885888], [2.1533013338948734, -9.939458352282042], [-3.8636739788362977, -5.702030775021646], [-3.853447982541452, -5.687510274993672], [-4.932068502688887, -4.927896665178631]], "kitchen_2": [[2.5601267242539745, -5.5252919291860465], [4.265945035445361, -3.103099105992312], [6.079141074724769, -4.3649251309769515], [4.372251114110625, -6.7886396528907405], [3.9188414623568093, -6.469327961836861], [3.9099961872530518, -6.4818878937680235], [2.834591471426039, -5.737352066830521], [2.8434275229961923, -5.724805231943019], [2.5601267242539745, -5.5252919291860465]], "bathroom_3": [[-1.4909497831818452, -0.0416476365079497], [-0.8789437635972828, 0.8273760916719572], [0.2454654860462675, 0.0448854931939584], [-0.3616618308038628, -0.8275333858384277], [-1.4909497831818452, -0.0416476365079497]], "living_dining_4": [[-1.9573729107005118, -5.328748683089993], [1.545216481575073, -0.3552137920035996], [4.56409743095281, -2.4560911741144924], [2.4233784601360373, -5.495825296774699], [2.5286619102353196, -5.569970689051088], [2.5297776198091384, -5.56838642670337], [2.8130784185513544, -5.767899729460343], [2.8276817744600784, -5.747163556302517], [3.903086490287091, -6.491699383240022], [3.8884923579119715, -6.512422459354186], [4.341902009665786, -6.8317341504080655], [2.96103224803511, -8.792513211368565], [1.082966984639084, -7.4698942665690655], [1.1485040596347584, -7.376834277901951], [1.0432206095354761, -7.30268888562556], [0.9776835345398034, -7.395748874292677], [-1.9573729107005118, -5.328748683089993]], "room_5": [[4.512388861403471, -0.6332429525046912], [7.184290734593835, 3.2061784874445896], [7.800041057341017, 2.7776700607198856], [7.756593219202399, 2.7152371686505115], [9.977071638759396, 1.1699781911230298], [7.3164529858390726, -2.6079923958253364], [4.512388861403471, -0.6332429525046912]], "corridor_6": [[-0.2698393767648088, -0.8914337913513801], [0.4869416047850006, 0.1960317159199594], [0.4938785927927096, 0.1912041783490013], [1.3483527428521729, 1.419051055713349], [2.1167168017689324, 0.8843368024275824], [2.107061726627018, 0.8704628264121661], [2.2890650247662787, 0.7438044324767672], [2.2939895806465156, 0.750880832107506], [5.321208404355534, -1.381024296179243], [4.571007014332057, -2.44627984593102], [1.550433951414849, -0.3442249006360711], [1.5447250691811938, -0.35242834742653], [1.427261632556684, -0.2697052548754737], [0.5752429380241537, -1.479537247874899], [-0.2698393767648088, -0.8914337913513801]], "room_7": [[2.3772014375222046, 0.8704531077783306], [5.006968677215303, 4.649328680816474], [6.907703391327347, 3.3265833863741414], [6.941496154324049, 3.3751423024280993], [7.092468280554781, 3.2700788929575424], [4.420923748419959, -0.5688290614765004], [2.3772014375222046, 0.8704531077783306]], "room_8": [[-4.134563584843496, -3.7954720242931312], [-1.5602300045022108, -0.1400227411545067], [0.5059627167037863, -1.5779123525214551], [-2.0764761280402286, -5.24487078240659], [-4.134563584843496, -3.7954720242931312]]}