{"shaft_0": [[0.5154226764806467, -4.878015910500677], [2.0831971872322583, -4.435384105727078], [2.207146278683794, -4.874404408720972], [0.5794969403153516, -5.07004632160541], [0.5154226764806467, -4.878015910500677]], "corridor_1": [[-2.0509459658937956, -1.6274146770890994], [-1.197328109220507, -1.3840267487765523], [-1.029379427264331, -1.9958537774916465], [-0.8345852336421942, -1.9423820828196092], [-1.0005445204597265, -1.3378023019092389], [1.0504566210916408, -0.7636238904828829], [1.2102133740115093, -1.3342857312344698], [1.3084369803884854, -1.3067880376941368], [1.1486802181751372, -0.7361261637408454], [3.619142296057113, -0.0445195319208445], [3.7831825620992205, -0.6282398699823837], [3.8698608550951974, -0.6038810643763348], [4.159450866455991, -1.468161779829206], [4.12368802586743, -1.4785122054627813], [4.1913261480558575, -1.7122157715932111], [-1.5663153165305204, -3.3271236708973753], [-2.0509459658937956, -1.6274146770890994]], "bathroom_2": [[-1.5383468879799764, -3.425215257990587], [0.5975089551043027, -2.8261486968034717], [1.1002725310610302, -4.606907170982929], [0.3848784069479265, -4.808885319055271], [0.4010340190403312, -4.866107499138893], [-1.018761442142761, -5.247518606946505], [-1.5383468879799764, -3.425215257990587]], "kitchen_3": [[1.6513919135839217, -2.5305547587227117], [4.219684046701644, -1.8101981198172545], [4.457803492936357, -2.632949579342249], [4.496226630207616, -2.621829214785361], [4.719536103892018, -3.3934097007481654], [4.659506808533784, -3.4104303648679775], [4.958029180162839, -4.463273397231516], [3.8423771901301293, -4.677851197914633], [2.309654872903252, -4.862082972532328], [1.6513919135839217, -2.5305547587227117]], "shaft_4": [[-0.3185559747261948, -5.165050116788423], [0.4360252748837823, -4.962323893992645], [0.476115010142216, -5.08247273195067], [-0.3161132060303515, -5.177681303639117], [-0.3185559747261948, -5.165050116788423]], "room_5": [[-6.660176135180453, 0.6278461427966526], [-2.656648751164653, 0.5287666675981271], [-2.7442856430748677, 0.4877725843390301], [-2.6982393540206075, 0.3893351188267609], [-2.6996953932002583, 0.3118548209923091], [-1.6574772342238902, 0.2922690615718224], [-1.2243299778805437, -1.2856605521526348], [-2.0692974065868555, -1.5265820257872065], [-2.1770048214707103, -1.5572921465812257], [-1.1172769138482295, -5.273996935988745], [-2.9915848447216575, -5.499286978681926], [-2.990859266343662, -5.505323451897006], [-5.06744476531118, -4.943905567716882], [-5.242549686814868, -4.384473989823782], [-5.276726725396433, -4.395171576257123], [-5.60344403329788, -3.2601481638376164], [-5.559552161624307, -3.246557372119643], [-5.6564278528488785, -2.933694406204115], [-5.68686479831285, -2.9431189800689204], [-6.019459337214258, -1.784585920129821], [-5.977205596304255, -1.7719400314926794], [-6.215996802213386, -0.9740663482179563], [-6.249540735697529, -0.9841055267188992], [-6.578119533491574, 0.1616925334102639], [-6.528651249298974, 0.1760949535668601], [-6.660176135180453, 0.6278461427966526]], "shaft_6": [[-2.650785903933702, 0.5286215735919981], [-1.7160064795466994, 0.5054876104862558], [-1.6856267497324424, 0.3948160671973895], [-2.596199873548251, 0.411927903125612], [-2.650785903933702, 0.5286215735919981]], "bathroom_7": [[0.6957191594071688, -2.7986026198733747], [1.5531817092783413, -2.558100835653569], [2.055482806436828, -4.337221418839995], [1.1984352133712903, -4.5791927739609815], [0.6957191594071688, -2.7986026198733747]], "living_dining_8": [[3.3990769254479645, 1.4852007446281092], [8.359522882165415, 1.372802958296326], [8.44935867348486, 1.1426127480175694], [8.494870424317725, 1.1603745118452018], [8.943471958876842, 0.0095593468506969], [8.898412408434169, -0.0080260063134254], [8.994683387131523, -0.2547044198940434], [9.036418560369519, -0.23841646864852], [9.496375116889446, -1.415135245339826], [9.454011012575599, -1.4316685585832012], [9.685200423490961, -2.024056313904943], [9.73158657934082, -2.0059533265470506], [10.186661488795941, -3.201732281186459], [10.150339089151615, -3.215907631558615], [10.240624167573998, -3.4472508163323354], [5.058567280095417, -4.443936503145251], [4.757638431820979, -3.3826061935273763], [4.731081171144069, -3.3901362205121472], [4.507753571440674, -2.6184931054033314], [4.555782493417624, -2.604592649594963], [4.2216670263486975, -1.4501552757154919], [4.1709877827433885, -1.4648227834824894], [3.8814274233942, -0.6006305644070125], [3.9776494294237494, -0.5735897326268287], [3.3990769254479645, 1.4852007446281092]]}