{"room_0": [[-6.024276056574884, -3.2873415465363927], [-5.081338384631419, 1.1496899072801376], [-3.9561210336610984, 0.910563851853663], [-4.047984320951546, 0.4782974285473713], [-3.930605609244356, 0.4533526404861892], [-3.930605609244388, 0.45335264048604], [-3.9296252390696367, 0.4531442966913559], [-3.928649315670061, 0.4529368979048787], [-2.748812279424147, 0.2022033162727777], [-3.5998866641122156, -3.8025617142110733], [-6.024276056574884, -3.2873415465363927]], "kitchen_1": [[-3.5588110549352336, 2.332847906780712], [-2.8160815676977187, 5.827791628519593], [-1.0032471085801085, 5.442536323865644], [-1.745976595817627, 1.9475926021267629], [-3.5588110549352336, 2.332847906780712]], "bathroom_2": [[-1.3399330001649048, 3.2713509702282693], [-0.8839121032947439, 5.417175793241423], [0.9271218396044638, 5.032303126075836], [0.1843923523613675, 1.5373594043381402], [-0.5341597704691203, 1.690062821684668], [-0.247451180106772, 3.0391817203868214], [-0.3550483162813549, 3.0620477726445685], [-1.3399330001649048, 3.2713509702282693]], "room_3": [[-9.469747712742294, 2.207019136498717], [-8.446014094579336, 7.0242391915699445], [-5.397695241678218, 6.376424382859596], [-6.421428859808785, 1.5592043277814867], [-9.469747712742294, 2.207019136498717]], "dining_4": [[-6.30209385452342, 1.5338437971572656], [-5.278360236392853, 6.3510638522353755], [-2.935416572983076, 5.853152159143813], [-3.703090844445782, 2.2408297436597735], [-3.712872402256057, 2.242908475678151], [-3.968931748923918, 1.0380108360840818], [-6.30209385452342, 1.5338437971572656]], "room_5": [[-3.480551658826851, -3.8279222448352925], [-2.629477274138786, 0.1768427856485584], [-1.2098507690227898, -0.1248497594002025], [-1.105515089683383, 0.3661060108047494], [-0.1094999170570716, 0.154437412532225], [-1.0649099811087517, -4.34128338810099], [-3.480551658826851, -3.8279222448352925]], "balcony_6": [[-10.16643365336309, -4.1488340464807365], [-9.875054163092909, -2.777736037629058], [-5.769500060630143, -3.65022965587562], [-6.060879551144122, -5.021327664657985], [-10.16643365336309, -4.1488340464807365]], "corridor_7": [[-3.9571938795515855, 1.0355163576620257], [-3.7015502792873995, 2.2384576856940406], [-3.584171585564139, 2.213512901473507], [0.1590318217359439, 1.4180243990480363], [-0.0841393864326641, 0.2737724178175505], [-1.1408002174793523, 0.4983291546063882], [-1.1532726095945485, 0.4396398077355528], [-1.2119619564562498, 0.4521121998458355], [-1.3038252436839315, 0.0198457765093814], [-3.9032887850275344, 0.5722719031865093], [-3.8388647565226286, 0.87542178164394], [-3.836577683992214, 0.8861836941742283], [-3.836370281971792, 0.8871596327912723], [-3.8114254977513617, 1.0045383265147727], [-3.9571938795515855, 1.0355163576620257]], "living_room_8": [[-10.438045915340613, -2.3493473225966675], [-9.495108243367316, 2.087684131213523], [-5.200673389916783, 1.175050437904357], [-6.143611061860248, -3.2619810159121734], [-10.438045915340613, -2.3493473225966675]], "bathroom_9": [[-1.6266415905322624, 1.9222320715025418], [-1.3652935307851557, 3.152015964961574], [-0.3921467160146186, 2.9452072457338616], [-0.6534947757544849, 1.715423352308889], [-1.6266415905322624, 1.9222320715025418]]}