{"shaft_0": [[-4.492553400571548, 3.1585028268386566], [-4.022736698937198, 3.2733745908953225], [-3.8993518854222984, 2.774899243471321], [-4.369168587056652, 2.6600274794146515], [-4.492553400571548, 3.1585028268386566]], "corridor_1": [[-6.733069163182471, 4.095372927216069], [-5.867617856504403, 4.306978683157528], [-5.530144051901106, 2.9435825957142683], [-5.539635683852957, 2.941261859771309], [-5.5334745647837185, 2.916063355480425], [-5.53348356225753, 2.916061128386076], [-5.532701752342966, 2.9129026118905728], [-5.530690054617125, 2.904674922536273], [-5.407281803384048, 2.4062053057132076], [-5.4083725749211915, 2.40593860840292], [-5.399426945685359, 2.369351671167884], [-3.8479451296131018, 2.748694194526653], [-3.855149181977934, 2.7781582159790688], [-3.85155701797202, 2.779047364235396], [-3.874122182027513, 2.870210755189394], [-2.6233252548872343, 3.176034811672359], [-2.6204149291832692, 3.1642770792977366], [-2.5632339999395377, 3.178430754755926], [-2.249072808370986, 1.9092177563883297], [-5.962879324737262, 0.9838016052311787], [-6.733069163182471, 4.095372927216069]], "shaft_2": [[-4.848595576276562, 4.246987706463429], [-4.2971061487971784, 4.3818287267438585], [-4.169827741672265, 3.867623239019842], [-4.7213171691516465, 3.732782218739416], [-4.848595576276562, 4.246987706463429]], "shaft_3": [[-4.993319900340055, 3.036063733020182], [-4.538588933396468, 3.1472469841951494], [-4.415204119881565, 2.6487716367711442], [-4.869935086825157, 2.537588385596184], [-4.993319900340055, 3.036063733020182]], "balcony_4": [[-1.3433629508327378, -1.0919880359478995], [1.9796874575651024, -0.2513938725211915], [2.3047968184054923, -1.5648375369324583], [-1.0328806330696239, -2.3886365003547994], [-1.060280111945879, -2.27801101202121], [-1.0503987354354472, -2.2755651301851074], [-1.3433629508327378, -1.0919880359478995]], "bathroom_5": [[-7.324327274515532, 6.484059055338463], [-5.61918790196852, 6.900742910883974], [-5.060548373414289, 4.643836042461093], [-5.900102332322671, 4.438562275170405], [-5.89630952813712, 4.4230499970485155], [-5.893165017959422, 4.4101891916794], [-5.890718746031485, 4.400184127180594], [-6.756141512478274, 4.188585349421693], [-7.324327274515532, 6.484059055338463]], "shaft_6": [[-4.712267316933286, 3.696220764374221], [-4.160777889453907, 3.8310617846546506], [-4.031786551155555, 3.309936045260514], [-4.583275978634932, 3.1750950249800916], [-4.712267316933286, 3.696220764374221]], "living_dining_7": [[-3.551131576124096, 7.4061125582055], [-0.1169039658955597, 8.245332638681017], [0.8791215417738805, 4.221383930287175], [0.8673274884252216, 4.2185018247531865], [0.9239872710472774, 3.9866406069425224], [0.9302893034405884, 3.988180630706964], [1.9262325491657428, -0.0354357389647433], [-1.396817859232094, -0.8760299023914513], [-1.39832418869835, -0.8699443227918451], [-1.4993741667912452, -0.8949566584411563], [-2.173232116074228, 1.827433284164723], [-2.176492438646207, 1.8266262747617077], [-2.200112825852635, 1.921417734600226], [-2.2030874979718362, 1.9206764979172206], [-2.517230904252262, 3.189817643619765], [-2.5051720426220783, 3.192802506163382], [-2.8089296873074368, 4.4199851160309045], [-2.8057472106087253, 4.420765470301916], [-3.0267920133069506, 5.322240556801731], [-3.03483428372134, 5.320268564337802], [-3.551131576124096, 7.4061125582055]], "kitchen_8": [[-5.503860150325753, 6.928925482338016], [-3.666459327766866, 7.3779299867514645], [-3.1359020304471805, 5.234475492022778], [-3.1311728276828585, 5.235646085120635], [-2.9242371145307757, 4.391711336886118], [-2.6502927422601044, 3.284983613833667], [-3.9010896694003865, 2.979159557350691], [-4.260246378695861, 4.430154702908897], [-4.30624947438309, 4.418767814045069], [-4.306156001015497, 4.418390181109061], [-4.857645428494919, 4.2835491608286205], [-4.952268853127524, 4.665828333803912], [-4.944183737888567, 4.6678295971385175], [-5.503860150325753, 6.928925482338016]], "room_9": [[-8.589277604282694, 0.2203631901179293], [-4.9984008852756645, 1.1151473685448394], [-3.9874745280031743, -2.969000856881916], [-7.57961152901191, -3.8586934888635653], [-8.589277604282694, 0.2203631901179293]], "room_10": [[-4.883202552845264, 1.143852794351936], [-2.2864946804787287, 1.7909073445378532], [-1.612580253974361, -0.93171076636321], [-1.6122426989707996, -0.9316272132619758], [-1.274278988601278, -2.297002522783444], [-3.8722357646707, -2.9404587721488475], [-4.883202552845264, 1.143852794351936]], "bathroom_11": [[-5.838798767781512, 4.414777029254488], [-5.006048136833009, 4.618387359971955], [-4.645058923365445, 3.159988887149911], [-5.47780955431395, 2.9563785564324476], [-5.838798767781512, 4.414777029254488]], "shaft_12": [[-5.4846310840740315, 2.9159364957807163], [-5.039355433164976, 3.024807890376678], [-4.915970619650075, 2.5263325429526766], [-5.36124627055913, 2.4174611483567148], [-5.4846310840740315, 2.9159364957807163]]}