{"living_dining_0": [[20.696690914219765, 3.9286559588085908], [22.9892091739391, 4.700713380588304], [22.99015656974756, 4.7010303747917135], [22.990157802111938, 4.701032852600456], [22.989838954638003, 4.701979626292996], [22.84785071065978, 5.12633775570302], [22.987885145884196, 5.173192622298224], [22.24461329323163, 7.394598031550991], [26.72824679922008, 8.894800817017398], [27.270772389922605, 7.273362742181554], [26.375563006573245, 6.9738298725385235], [26.375563006573245, 6.973829872538531], [26.117350350502896, 6.88743312638119], [27.257986770535098, 3.4784302098740625], [26.362574287104017, 3.1788293838942963], [26.336845646050662, 3.255724186522265], [25.993194320393684, 3.140740061416757], [26.02178169934186, 3.055301391830106], [25.16949475086753, 2.770130167997891], [25.140907371919354, 2.855568837584535], [24.754536711469044, 2.72629102300494], [24.78312409041722, 2.640852353418296], [23.973353376654504, 2.3699068627234396], [23.944765997706327, 2.4553455323100764], [23.55839533725601, 2.3260677177304814], [23.586982716204187, 2.2406290481438376], [22.77721200244147, 1.969683557448974], [22.748624623493292, 2.055122227035625], [22.36225396304298, 1.9258444124560228], [22.39084134199116, 1.840405742869379], [21.4956319586418, 1.5408728732263484], [20.696690914219765, 3.9286559588085908]], "bathroom_1": [[26.943740120497104, 8.966903873700645], [28.90693287367953, 9.623778980195866], [29.449458464382055, 8.002340905360029], [27.48626571119963, 7.345465798864801], [26.943740120497104, 8.966903873700645]], "kitchen_2": [[19.80961121001225, 6.579857731527987], [21.943681302367963, 7.293907595919563], [22.68695315502053, 5.072502186666796], [22.836470826797314, 5.122530099826157], [22.974975853309477, 4.708582210072677], [20.692883251052884, 3.940035864458629], [19.80961121001225, 6.579857731527987]], "room_3": [[26.461959752730586, 6.715617216468175], [29.78773975303445, 7.8284076382634495], [30.841979426909315, 4.677617377826678], [29.951201509824838, 4.379567256054408], [29.925472868771486, 4.456462058682369], [29.57057595320125, 4.337715211826847], [29.596304594254605, 4.260820409198885], [28.69331246600276, 3.958683469538599], [28.667583824949403, 4.0355782721665605], [28.413643102358385, 3.9506108949566325], [28.439371743411737, 3.873716092328671], [27.516199426605446, 3.5648269560314034], [26.461959752730586, 6.715617216468175]]}