{"storeroom_0": [[-1.5405911624108084, -0.2322218101179079], [-1.0203355601212225, 0.6542872168855585], [0.0068105061426369, 0.0514975339087673], [-0.513445096146949, -0.835011493094699], [-1.5405911624108084, -0.2322218101179079]], "bathroom_1": [[-0.5882448194002383, -1.7464302678089787], [-0.1321354261288477, -0.9692255771594489], [-0.2061549204764219, -0.9257865873240778], [0.2706616919777938, -0.113297054668184], [2.1786397409777862, -1.2330107166858841], [1.2457137352521799, -2.822704939991308], [-0.5882448194002383, -1.7464302678089787]], "room_2": [[1.3459028651786253, 1.73585715873738], [2.482992123130474, 3.6734430054764022], [3.363824105866609, 3.1565190264354914], [3.464746058222822, 3.3284887686023357], [3.457344108788064, 3.3328326675858726], [3.599680499509926, 3.575372093765443], [6.758588002983926, 1.7215395035299803], [5.139325957859462, -1.037662730467117], [1.9878204038202218, 0.8118259607848088], [2.22673484791476, 1.218933179696469], [1.3459028651786253, 1.73585715873738]], "corridor_3": [[-0.9889159915016021, 0.707825768096285], [-0.2254020461339401, 2.0088439634461697], [1.0551352060790977, 1.2573494392942575], [1.1246375898156913, 1.375780630250377], [1.1320395392504485, 1.37143673126684], [1.318827195542542, 1.6897205569614098], [2.1535225765027057, 1.1998722475565842], [1.8972325364740188, 0.7631572309058932], [2.9779171539486047, 0.1289479793094834], [2.2144032085809426, -1.1720702160404013], [-0.9889159915016021, 0.707825768096285]], "balcony_4": [[3.7460662872889534, -4.110937093517153], [7.002978249206887, 1.4388000773834957], [7.830271680732293, 0.953295666962207], [4.573359718814361, -4.5964415039384425], [3.7460662872889534, -4.110937093517153]], "kitchen_5": [[1.3240298318318122, -2.828860609855436], [3.0388576545940893, 0.0931845117063261], [5.094874692289231, -1.1134071299821162], [3.3800468695269537, -4.035452251543877], [1.3240298318318122, -2.828860609855436]], "shaft_6": [[-0.754145757416123, -1.6391186417528694], [-0.3424876297149639, -0.9376583506183387], [-0.225781343926271, -1.0061484586200677], [-0.6374394716274301, -1.7076087497545984], [-0.754145757416123, -1.6391186417528694]]}