{"living_dining_0": [[-9.542197357909625, 5.7392078846705745], [-5.4401741091796865, 9.082468909203236], [-5.426881086252731, 9.066158998402928], [-2.722697875561842, 11.270142199692108], [-0.9187689059705981, 9.056806621637715], [-3.2673960612147965, 7.14261132015616], [-2.7330165395511976, 6.48695290598382], [-3.67744105734171, 5.717221120109696], [-3.6800996619270983, 5.720483102269758], [-7.1932544483132155, 2.857165963803596], [-9.542197357909625, 5.7392078846705745]], "room_1": [[-7.657521212058455, 12.199207942806268], [-5.147345257438477, 14.245069929668094], [-2.8037195570128546, 11.369551973121242], [-5.180154243070312, 9.432692774260447], [-5.182812847655704, 9.435954756420507], [-5.316554116218221, 9.326951968419474], [-7.657521212058455, 12.199207942806268]], "corridor_2": [[-8.241192314594958, 9.025377731387383], [-6.4388664887083, 10.494322523219353], [-5.419225871807416, 9.243271682383071], [-7.221551697694075, 7.7743268905511], [-8.241192314594958, 9.025377731387383]], "corridor_3": [[-3.5911021667199137, 5.61128738236044], [-2.6466776489294013, 6.381019168234564], [-1.450305585503429, 4.913127196206938], [-1.3639437407145394, 4.983514459316387], [-1.3719195544707148, 4.993300405796571], [-0.4666388226009381, 5.731128936646002], [0.4931174327252315, 4.553553376863839], [0.5355232008060291, 4.5881152364739215], [0.543499014562201, 4.578329289993738], [0.9447228202497513, 4.9053376539968365], [1.5177178668049365, 4.2022998160508696], [-0.4590433221922652, 2.591185437303894], [-0.4430916946799215, 2.571613544343526], [-0.8525511382203632, 2.2378929104735343], [-3.5072335751367376, 5.495062779747571], [-3.5007096108166174, 5.500379988918353], [-3.5911021667199137, 5.61128738236044]], "storeroom_4": [[-2.2789974718464983, 2.4027803397382117], [-1.7292727954234124, 2.8508209707800187], [-1.7266141908380241, 2.847558988619957], [-1.52763327907428, 3.0097338683288104], [-0.8801973041281457, 2.2153605299011243], [-1.6289028923149758, 1.6051450191504637], [-2.2789974718464983, 2.4027803397382117]], "bathroom_5": [[-9.56251879353431, 10.646582864937894], [-8.331039845658395, 11.65027185432643], [-8.134303106339457, 11.408885174481888], [-8.051203243710631, 11.476613833005946], [-8.053861848296023, 11.479875815166006], [-7.566114832914106, 11.877402959085384], [-6.482667705963838, 10.548064546407629], [-8.284993531850496, 9.079119754575657], [-9.56251879353431, 10.646582864937894]], "kitchen_6": [[-3.089378116633334, 7.100540881196229], [-0.8271128061780217, 8.944348919568336], [0.8040068653628012, 6.943042181917937], [-1.4582584450925111, 5.09923414354583], [-2.560315804140515, 6.451406431344013], [-2.5570538219804533, 6.454065035929403], [-2.6433927126022496, 6.559998773678659], [-2.6466546947623115, 6.557340169093269], [-3.089378116633334, 7.100540881196229]], "shaft_7": [[-8.247939983029568, 11.718000512850487], [-7.760192967647651, 12.115527656769864], [-7.647136514365119, 11.976812732514517], [-8.134883529747036, 11.579285588595141], [-8.247939983029568, 11.718000512850487]], "balcony_8": [[-11.328688731759383, 4.380887319538248], [-10.544101339811881, 5.0203474807282085], [-10.416488319713112, 4.863772337045262], [-9.653184494258747, 5.485885810026768], [-7.474392278127366, 2.8126107474037196], [-8.250744032221977, 2.17986285608065], [-8.125789616708596, 2.0265496945577652], [-8.903853044335975, 1.3924067425385864], [-8.941073508531453, 1.438074492779446], [-8.976955312292127, 1.4088298423401442], [-11.328556826473925, 4.294133745367183], [-11.286151058393127, 4.328695604977266], [-11.328688731759383, 4.380887319538248]], "bathroom_9": [[-0.4096348172526021, 5.77758875848693], [0.8903457559845975, 6.837108444168678], [2.4310728716221277, 4.946709099960364], [1.5747218721532725, 4.2487596378918], [0.9499497945863737, 5.015325445506226], [0.8929457892380412, 4.968865623665296], [0.895604393823433, 4.9656036415052345], [0.5089788254034175, 4.650493239732981], [-0.4096348172526021, 5.77758875848693]], "balcony_10": [[-2.663676075771196, 11.600545091028048], [-1.4387210922154097, 12.598916871245798], [-1.3961834188491515, 12.546725156684815], [-1.330943775647924, 12.599897248392637], [0.6590875149206923, 10.158222919133948], [0.6003718360395851, 10.110368036596908], [0.6322750910642796, 10.07122425067617], [-0.5992038568116307, 9.067535261287638], [-2.663676075771196, 11.600545091028048]], "room_11": [[-12.713593560153612, 8.078370835450139], [-9.65540460264332, 10.570878392657665], [-7.314437506803085, 7.698622418270871], [-9.61258462101907, 5.825569729459461], [-9.620560434775246, 5.8353556759396445], [-9.811305708686099, 5.679893066097681], [-9.805988499515317, 5.673369101777559], [-10.375285068898767, 5.209376843223407], [-12.713593560153612, 8.078370835450139]]}