{"kitchen_0": [[11.777131868525714, 1.6288756221647063], [14.123272238791586, 2.436716536300885], [14.247975382819106, 2.074552308935786], [14.911943132988455, 2.3031747396529063], [15.682373103916383, 0.0656836375965639], [12.672264983481156, -0.9707797072567388], [11.777131868525714, 1.6288756221647063]], "balcony_1": [[13.000568186845392, -1.2379471892659772], [16.354732323277467, -0.0830158575865312], [16.473200310103607, -0.4270718735833761], [16.479236380559698, -0.4249934878495836], [16.767480861247876, -1.2621162440942015], [13.40728065435971, -2.4191259615074436], [13.000568186845392, -1.2379471892659772]], "room_2": [[7.981167748078811, 1.4763638018937932], [11.317223673142628, 2.6250599763718654], [12.70493420700678, -1.405144051141729], [9.368878281942962, -2.5538402256197976], [7.981167748078811, 1.4763638018937932]], "corridor_3": [[10.889661160196518, 4.206277706913006], [12.583905921205208, 4.789652961799646], [13.05293706081406, 3.4274876241789514], [12.491445268189317, 3.2345990961458604], [12.558465383414514, 3.0395058730109987], [13.114059002413512, 3.230368209310388], [13.153582699009519, 3.115583059730305], [13.258086933914157, 3.151566753513684], [13.218588945379686, 3.2662772414618217], [13.254675571095774, 3.278674031953667], [13.25052720931157, 3.2907497687453855], [13.292909749433626, 3.3053432476307663], [13.286674592232252, 3.3234514589990205], [14.850016840358272, 3.861753364051154], [14.827154597286558, 3.9281501390680873], [14.833190667742642, 3.93022852480188], [14.330221320164974, 5.390957575174454], [15.722662558369414, 5.870413543371498], [16.197961755098873, 4.490044446079224], [16.185889614186706, 4.485887674611639], [16.238500393840425, 4.333094876058318], [16.250572534752592, 4.337251647525903], [16.256807691953966, 4.3191434361576455], [16.26284376241005, 4.321221821891438], [16.28986277694934, 4.242752905962334], [16.394367011853987, 4.278736599745713], [16.367347997314695, 4.357205515674817], [16.463925124612054, 4.390459687415486], [16.457689967410673, 4.408567898783744], [18.514098955784462, 5.116646297697905], [18.835597608213313, 4.1829464141559285], [16.682611492542165, 3.441613843501095], [16.638965392132533, 3.5683713230788783], [16.534461157227888, 3.532387629295499], [16.57810725763752, 3.405630149717716], [13.5257466440097, 2.3546181047278694], [13.484178929333865, 2.475339513849569], [13.391746835341394, 2.443512591533775], [13.43331455001723, 2.3227911824120753], [11.73906978900854, 1.7394159275254353], [10.889661160196518, 4.206277706913006]], "room_4": [[14.921924576145997, 2.711714589470347], [18.81329898316963, 4.051622251457278], [19.849762328022933, 1.0415141310220548], [16.688752446185582, -0.0469088571760494], [16.664462953688997, 0.0236329511457747], [16.67653509460117, 0.0277897226133597], [16.559494357199902, 0.3677007053053174], [15.817057691101446, 0.1120592600489019], [14.921924576145997, 2.711714589470347]], "shaft_5": [[14.20363219187189, 2.4643866871490943], [14.787239988960934, 2.665338967018009], [14.886351367874042, 2.3774986222771233], [14.30274357078499, 2.1765463424082085], [14.20363219187189, 2.4643866871490943]], "room_6": [[18.618603190689115, 5.152629991481284], [21.882226270279915, 6.27638553715385], [23.27825034707923, 2.2220372278159175], [20.03877154931277, 1.1065952250785216], [18.97048128214368, 4.209135439506216], [18.946337000319332, 4.20082189657105], [18.618603190689115, 5.152629991481284]], "bathroom_7": [[8.186958671184826, 3.741531017255056], [8.873179666027326, 3.9778158545984326], [8.939688009508664, 3.784661600003716], [10.279695650759535, 4.246063232905541], [10.360752694377425, 4.010656485118226], [10.60408654977202, 4.094443050778818], [10.602008164038232, 4.100479121234905], [10.787235311025668, 4.164257942673544], [11.250064193352372, 2.820105268117782], [8.795274554876968, 1.9748534107733455], [8.186958671184826, 3.741531017255056]], "shaft_8": [[16.339221980584533, 4.752623914780589], [17.200489018653492, 5.049181938403933], [17.26634622582592, 4.857918720960409], [16.40507918775696, 4.561360697337065], [16.339221980584533, 4.752623914780589]], "shaft_9": [[16.272713637103188, 4.945778169375309], [17.133980675172147, 5.24233619299865], [17.168662096337698, 5.141614032396404], [16.30739505826874, 4.84505600877306], [16.272713637103188, 4.945778169375309]]}