{"room_0": [[-3.3829838228192948, 17.09962987750378], [0.8557158108825007, 18.000593297595415], [1.388451516911152, 15.471300748178358], [-2.8539830439457887, 14.569543444812538], [-3.3829838228192948, 17.09962987750378]], "balcony_1": [[-8.98426582747081, 15.276038921879241], [-7.7964202250915235, 15.808283096675318], [-7.07741144699234, 12.394613757766905], [-8.364006919393493, 12.357950187266475], [-8.98426582747081, 15.276038921879241]], "shaft_2": [[-0.4849238013662713, 12.30075851511441], [-0.3104121867286267, 12.337852103893276], [-0.2310678008707328, 11.95357284976157], [-0.4055794155083774, 11.916479260982712], [-0.4849238013662713, 12.30075851511441]], "room_3": [[-6.65938609049056, 12.024503242331328], [-2.703397056572019, 12.86568960847999], [-1.9409350425243765, 9.219012941401491], [-5.8915409191953785, 8.378971229205263], [-6.65938609049056, 12.024503242331328]], "room_4": [[-7.542136261686526, 16.21557473563667], [-3.5798953568401934, 17.05777503887913], [-2.71942831722874, 12.942363361537353], [-6.675530535536012, 12.101152928293509], [-7.542136261686526, 16.21557473563667]], "bathroom_5": [[-0.237939330970109, 12.353256684927707], [1.9473580175632996, 12.81775597555859], [2.248480285024769, 11.388104651393544], [0.0574986145877148, 10.922397120843403], [-0.1401827206296655, 11.879803687568202], [-0.1089596082632305, 11.88644036497745], [-0.1278906329694323, 11.975503833813526], [-0.1585949451122168, 11.96897743079601], [-0.237939330970109, 12.353256684927707]], "kitchen_6": [[-1.5041959991804603, 14.763362155678081], [1.4072179985651143, 15.382202304636856], [1.9233474580549874, 12.931751956275612], [-0.5084811106035794, 12.414850837150617], [-0.6464355848728154, 13.082989381587254], [-0.682527112897727, 13.075537352639486], [-0.6896441582913742, 13.109020418688964], [-1.1427294660488307, 13.012714163528841], [-1.5041959991804603, 14.763362155678081]], "corridor_7": [[-2.8353481311751274, 14.480417035441576], [-1.5844054632135993, 14.746313107789803], [-1.204575002470122, 12.906725282889994], [-1.124268951568233, 12.923306543051474], [-1.1243172415719975, 12.923540420299815], [-0.7199057222034746, 13.009500742356536], [-0.4904963643317437, 11.898429606313307], [-0.934551294128724, 11.804042817243037], [-0.9156202694225222, 11.714979348406963], [-0.2126555763881832, 11.864399106533767], [-0.0149742411708047, 10.906992539808964], [-1.646033427876766, 10.560300207202442], [-1.650256216295741, 10.580751937548015], [-1.6978981865716385, 10.570915021211881], [-1.6936180975055883, 10.550185773437935], [-1.9999838037273037, 10.485065732309838], [-2.8353481311751274, 14.480417035441576]]}