case,net_flow,temp
6289,1.2958024992182515,18.76117641492152
5299,1.2964639451612154,18.680577366923163
6226,1.2985142202266031,18.769228963437993
5565,1.36078702793904,18.754861188896346
6172,1.2167447762056574,18.826537381291004
5531,1.3695097782403252,18.709960856304082
4969,1.319690986098861,18.68003507343242
5542,0.6817156421501579,18.852861187880805
